First,Last
Emma,Espinoza
Chase,McGuire
Gabrielle,Larsen
Leola,Armstrong
Melinda,Phillips
Valarie,Romero
Daphne,Rodriquez
Linwood,Spriggs
Katie,Kidd
Jodi,Mathis
Jayson,Dowdell
Harley,Barreto
May,Osborn
Erma,Kirkland
Lamar,Chinn
Bret,Foret
Angel,Freeman
Patsy,Ramsey
Rosalyn,Holden
Angie,Hooper
Bettye,Santos
Gale,Hampton
Willie,Downes
Edward,Huntington
Alma,Gonzalez
Bobby,Quillen
Wayne,Segal
Eli,Roque
Marianne,Wood
Tamara,Wolf
Rhonda,Watson
Buddy,Doolittle
Lucinda,Hess
Melba,Berger
Joel,Summerlin
Rachel,Soto
Abby,Alford
Joann,Tillman
Imelda,Drake
Imelda,Schultz
Julius,Robledo
Greg,Seely
Demetrius,Wilhite
Amanda,Bradshaw
Camille,Beach
Emily,Forbes
Ruben,Bear
Ronda,Bright
Kathy,Carr
Renee,Brewer
Beatriz,Hurst
Carey,Snyder
Rosalind,Kemp
Cornelius,Ballinger
Leola,Malone
Connie,Swanson
Sherri,Franks
Cathryn,David
Dorothy,Rosales
Neva,Graves
Graciela,Rocha
Melanie,Montoya
Ronda,Sweet
Barbara,McCray
Gloria,Goff
Cole,Chambliss
Irving,Schoonover
Gerry,Musselman
Stella,Weiss
Wendy,Hahn
Cara,Wilcox
Logan,Treat
Ross,Hume
Willie,Nielsen
Roseann,Burt
Kate,Lewis
Rogelio,Gall
Mindy,Lindsay
Audra,English
Virginia,Allen
Gerry,Flemming
Traci,Tyson
Darrin,Gillum
Corey,Lohr
Keisha,Stanton
Danny,Baskin
Jordan,Allen
Deanna,Graham
Marc,Amaral
Anna,Noel
Maude,Velez
Jeanne,Haynes
Lucile,Alford
Humberto,Timm
Tonia,Carrillo
Nelson,Wolcott
Rita,Kahn
Debora,Foley
Greg,Horning
Enid,Roach
Kasey,Knapp
Terry,Eskridge
Melody,Garrison
Kurt,Steadman
Colleen,Hensley
Jennifer,Rivera
Lois,Ortiz
Desmond,Gillum
Ramiro,Badillo
Valerie,McClure
Therese,Rush
Alisha,Trevino
Calvin,Lindgren
Russel,Noll
Roxanne,Willis
Lynette,Shelton
Agnes,Stark
Noel,Glasgow
Juliana,Wheeler
Avis,Nixon
Marlene,Kinney
Eloise,Roberson
Lance,Wallin
Dana,Cox
Josefa,Adkins
Lolita,Richardson
Lori,Freeman
Millard,Freeland
Dave,Fenwick
Fred,Yoo
Jon,Hindman
Bill,Noll
Rosella,McKenzie
Minnie,McCray
Imogene,McDowell
Joni,Becker
Lillian,Lopez
Lorena,Long
Marjorie,Travis
Patty,Wynn
Katheryn,Havens
Eugene,Chau
Carol,Huff
Bobbie,Russell
Bill,Earnest
Derrick,Villagomez
Ralph,Clouse
Billie,Nicholson
Jan,Mayo
Kenya,Wyatt
Christine,Strong
Nola,Rojas
Whitney,Russell
Cheri,Richard
Morgan,Zink
Louisa,Glenn
Becker,Trowbridge
Frederic,Bracken
Maxine,Jenkins
Zachary,Narvaez
Francis,Hartman
Christa,Whitfield
Andre,Chiu
Shauna,Heath
Marian,Kerr
Riley,Somerville
Phoebe,Bond
Lakeisha,Christensen
Maureen,Franklin
Kendall,Passmore
Gloria,Combs
Lorie,Carlson
Rodolfo,Fredrick
Diane,Riggs
Maya,Talley
Patsy,Huber
Debra,Joyner
Jean,Skeen
Yvette,Simpson
Emil,Horning
Gladys,Sosa
Jess,Lunn
Jewel,Clay
Ethel,Suarez
Reed,Tibbetts
Keith,Sabo
Tyrone,Place
Cassie,Gutierrez
Lakeisha,Black
Jeffry,McIntosh
Elsie,Parrish
Simon,Harr
Frederic,Hudspeth
Wendi,Stevens
Joe,Langer
Aubrey,Rutter
Debbie,Guy
Iva,Wyatt
Morgan,Kramer
Jasper,Fried
Rena,Castro
Robert,Fife
Elvira,Keith
Bernadine,Rocha
Randal,Goolsby
Jenny,Austin
Lina,Hale
Madge,Hunter
Wilson,Bottoms
Alyssa,Gutierrez
